ProductKey;ProductAlternateKey;ProductSubcategoryName;ProductName;ProductCategoryName;Color;SizeRange;Description;Startday
210;FR-R92B-58;Road Frames;HL Road Frame - Black, 58;Components;Black;54-58 CM;"Our lightest and best quality aluminum frame made from the newest alloy; it is welded and heat-treated for strength. Our innovative design results in maximum comfort and performance.";2008/04/01
211;FR-R92R-58;Road Frames;HL Road Frame - Red, 58;Components;Red;54-58 CM;"Our lightest and best quality aluminum frame made from the newest alloy; it is welded and heat-treated for strength. Our innovative design results in maximum comfort and performance.";2008/01/01
212;HL-U509-R;Helmets;Sport-100 Helmet, Red;Accessories;Red;;Universal fit, well-vented, lightweight , snap-on visor.;2016/02/01
213;HL-U509-R;Helmets;Sport-100 Helmet, Red;Accessories;Red;;Universal fit, well-vented, lightweight , snap-on visor.;2017/03/01
214;HL-U509-R;Helmets;Sport-100 Helmet, Red;Accessories;Red;;Universal fit, well-vented, lightweight , snap-on visor.;2018/04/01
215;HL-U509;Helmets;Sport-100 Helmet, Black;Accessories;Black;;Universal fit, well-vented, lightweight , snap-on visor.;2016/05/01
216;HL-U509;Helmets;Sport-100 Helmet, Black;Accessories;Black;;Universal fit, well-vented, lightweight , snap-on visor.;2017/06/01
217;HL-U509;Helmets;Sport-100 Helmet, Black;Accessories;Black;;Universal fit, well-vented, lightweight , snap-on visor.;2018/07/01
218;SO-B909-M;Socks;Mountain Bike Socks, M;Clothing;White;M;Combination of natural and synthetic fibers stays dry and provides just the right cushioning.;2016/08/01
219;SO-B909-L;Socks;Mountain Bike Socks, L;Clothing;White;L;Combination of natural and synthetic fibers stays dry and provides just the right cushioning.;2016/09/01
220;HL-U509-B;Helmets;Sport-100 Helmet, Blue;Accessories;Blue;;Universal fit, well-vented, lightweight , snap-on visor.;2016/04/01
221;HL-U509-B;Helmets;Sport-100 Helmet, Blue;Accessories;Blue;;Universal fit, well-vented, lightweight , snap-on visor.;2017/01/01
222;HL-U509-B;Helmets;Sport-100 Helmet, Blue;Accessories;Blue;;Universal fit, well-vented, lightweight , snap-on visor.;2018/02/01
223;CA-1098;Caps;AWC Logo Cap;Clothing;Multi;;"Traditional style with a flip-up brim; one-size fits all.";2016/03/01
224;CA-1098;Caps;AWC Logo Cap;Clothing;Multi;;"Traditional style with a flip-up brim; one-size fits all.";2017/04/01
225;CA-1098;Caps;AWC Logo Cap;Clothing;Multi;;"Traditional style with a flip-up brim; one-size fits all.";2018/05/01
226;LJ-0192-S;Jerseys;Long-Sleeve Logo Jersey, S;Clothing;Multi;S;Unisex long-sleeve AWC logo microfiber cycling jersey;2016/06/01
227;LJ-0192-S;Jerseys;Long-Sleeve Logo Jersey, S;Clothing;Multi;S;Unisex long-sleeve AWC logo microfiber cycling jersey;2017/07/01
228;LJ-0192-S;Jerseys;Long-Sleeve Logo Jersey, S;Clothing;Multi;S;Unisex long-sleeve AWC logo microfiber cycling jersey;2018/08/01
229;LJ-0192-M;Jerseys;Long-Sleeve Logo Jersey, M;Clothing;Multi;M;Unisex long-sleeve AWC logo microfiber cycling jersey;2016/09/01
230;LJ-0192-M;Jerseys;Long-Sleeve Logo Jersey, M;Clothing;Multi;M;Unisex long-sleeve AWC logo microfiber cycling jersey;2017/04/01
231;LJ-0192-M;Jerseys;Long-Sleeve Logo Jersey, M;Clothing;Multi;M;Unisex long-sleeve AWC logo microfiber cycling jersey;2018/01/01
232;LJ-0192-L;Jerseys;Long-Sleeve Logo Jersey, L;Clothing;Multi;L;Unisex long-sleeve AWC logo microfiber cycling jersey;2016/02/01
233;LJ-0192-L;Jerseys;Long-Sleeve Logo Jersey, L;Clothing;Multi;L;Unisex long-sleeve AWC logo microfiber cycling jersey;2017/03/01
234;LJ-0192-L;Jerseys;Long-Sleeve Logo Jersey, L;Clothing;Multi;L;Unisex long-sleeve AWC logo microfiber cycling jersey;2018/04/01
235;LJ-0192-X;Jerseys;Long-Sleeve Logo Jersey, XL;Clothing;Multi;XL;Unisex long-sleeve AWC logo microfiber cycling jersey;2016/05/01
236;LJ-0192-X;Jerseys;Long-Sleeve Logo Jersey, XL;Clothing;Multi;XL;Unisex long-sleeve AWC logo microfiber cycling jersey;2017/06/01
237;LJ-0192-X;Jerseys;Long-Sleeve Logo Jersey, XL;Clothing;Multi;XL;Unisex long-sleeve AWC logo microfiber cycling jersey;2018/07/01
238;FR-R92R-62;Road Frames;HL Road Frame - Red, 62;Components;Red;60-62 CM;"Our lightest and best quality aluminum frame made from the newest alloy; it is welded and heat-treated for strength. Our innovative design results in maximum comfort and performance.";2016/08/01
239;FR-R92R-62;Road Frames;HL Road Frame - Red, 62;Components;Red;60-62 CM;"Our lightest and best quality aluminum frame made from the newest alloy; it is welded and heat-treated for strength. Our innovative design results in maximum comfort and performance.";2017/09/01
240;FR-R92R-62;Road Frames;HL Road Frame - Red, 62;Components;Red;60-62 CM;"Our lightest and best quality aluminum frame made from the newest alloy; it is welded and heat-treated for strength. Our innovative design results in maximum comfort and performance.";2018/04/01
241;FR-R92R-44;Road Frames;HL Road Frame - Red, 44;Components;Red;42-46 CM;"Our lightest and best quality aluminum frame made from the newest alloy; it is welded and heat-treated for strength. Our innovative design results in maximum comfort and performance.";2016/01/01
242;FR-R92R-44;Road Frames;HL Road Frame - Red, 44;Components;Red;42-46 CM;"Our lightest and best quality aluminum frame made from the newest alloy; it is welded and heat-treated for strength. Our innovative design results in maximum comfort and performance.";2017/02/01
243;FR-R92R-44;Road Frames;HL Road Frame - Red, 44;Components;Red;42-46 CM;"Our lightest and best quality aluminum frame made from the newest alloy; it is welded and heat-treated for strength. Our innovative design results in maximum comfort and performance.";2018/03/01
244;FR-R92R-48;Road Frames;HL Road Frame - Red, 48;Components;Red;48-52 CM;"Our lightest and best quality aluminum frame made from the newest alloy; it is welded and heat-treated for strength. Our innovative design results in maximum comfort and performance.";2016/04/01
245;FR-R92R-48;Road Frames;HL Road Frame - Red, 48;Components;Red;48-52 CM;"Our lightest and best quality aluminum frame made from the newest alloy; it is welded and heat-treated for strength. Our innovative design results in maximum comfort and performance.";2017/05/01
246;FR-R92R-48;Road Frames;HL Road Frame - Red, 48;Components;Red;48-52 CM;"Our lightest and best quality aluminum frame made from the newest alloy; it is welded and heat-treated for strength. Our innovative design results in maximum comfort and performance.";2018/06/01
247;FR-R92R-52;Road Frames;HL Road Frame - Red, 52;Components;Red;48-52 CM;"Our lightest and best quality aluminum frame made from the newest alloy; it is welded and heat-treated for strength. Our innovative design results in maximum comfort and performance.";2016/07/01
248;FR-R92R-52;Road Frames;HL Road Frame - Red, 52;Components;Red;48-52 CM;"Our lightest and best quality aluminum frame made from the newest alloy; it is welded and heat-treated for strength. Our innovative design results in maximum comfort and performance.";2017/08/01
249;FR-R92R-52;Road Frames;HL Road Frame - Red, 52;Components;Red;48-52 CM;"Our lightest and best quality aluminum frame made from the newest alloy; it is welded and heat-treated for strength. Our innovative design results in maximum comfort and performance.";2018/09/01
250;FR-R92R-56;Road Frames;HL Road Frame - Red, 56;Components;Red;54-58 CM;"Our lightest and best quality aluminum frame made from the newest alloy; it is welded and heat-treated for strength. Our innovative design results in maximum comfort and performance.";2016/04/01
251;FR-R92R-56;Road Frames;HL Road Frame - Red, 56;Components;Red;54-58 CM;"Our lightest and best quality aluminum frame made from the newest alloy; it is welded and heat-treated for strength. Our innovative design results in maximum comfort and performance.";2017/01/01
252;FR-R92R-56;Road Frames;HL Road Frame - Red, 56;Components;Red;54-58 CM;"Our lightest and best quality aluminum frame made from the newest alloy; it is welded and heat-treated for strength. Our innovative design results in maximum comfort and performance.";2018/02/01
253;FR-R38B-58;Road Frames;LL Road Frame - Black, 58;Components;Black;54-58 CM;The LL Frame provides a safe comfortable ride, while offering superior bump absorption in a value-priced aluminum frame.;2016/03/01
254;FR-R38B-58;Road Frames;LL Road Frame - Black, 58;Components;Black;54-58 CM;The LL Frame provides a safe comfortable ride, while offering superior bump absorption in a value-priced aluminum frame.;2017/04/01
255;FR-R38B-58;Road Frames;LL Road Frame - Black, 58;Components;Black;54-58 CM;The LL Frame provides a safe comfortable ride, while offering superior bump absorption in a value-priced aluminum frame.;2018/05/01
256;FR-R38B-60;Road Frames;LL Road Frame - Black, 60;Components;Black;60-62 CM;The LL Frame provides a safe comfortable ride, while offering superior bump absorption in a value-priced aluminum frame.;2016/06/01
257;FR-R38B-60;Road Frames;LL Road Frame - Black, 60;Components;Black;60-62 CM;The LL Frame provides a safe comfortable ride, while offering superior bump absorption in a value-priced aluminum frame.;2017/07/01
258;FR-R38B-60;Road Frames;LL Road Frame - Black, 60;Components;Black;60-62 CM;The LL Frame provides a safe comfortable ride, while offering superior bump absorption in a value-priced aluminum frame.;2018/08/01
259;FR-R38B-62;Road Frames;LL Road Frame - Black, 62;Components;Black;60-62 CM;The LL Frame provides a safe comfortable ride, while offering superior bump absorption in a value-priced aluminum frame.;2016/09/01
260;FR-R38B-62;Road Frames;LL Road Frame - Black, 62;Components;Black;60-62 CM;The LL Frame provides a safe comfortable ride, while offering superior bump absorption in a value-priced aluminum frame.;2017/04/01
261;FR-R38B-62;Road Frames;LL Road Frame - Black, 62;Components;Black;60-62 CM;The LL Frame provides a safe comfortable ride, while offering superior bump absorption in a value-priced aluminum frame.;2018/01/01
262;FR-R38R-44;Road Frames;LL Road Frame - Red, 44;Components;Red;42-46 CM;The LL Frame provides a safe comfortable ride, while offering superior bump absorption in a value-priced aluminum frame.;2016/02/01
263;FR-R38R-44;Road Frames;LL Road Frame - Red, 44;Components;Red;42-46 CM;The LL Frame provides a safe comfortable ride, while offering superior bump absorption in a value-priced aluminum frame.;2017/03/01
264;FR-R38R-48;Road Frames;LL Road Frame - Red, 48;Components;Red;48-52 CM;The LL Frame provides a safe comfortable ride, while offering superior bump absorption in a value-priced aluminum frame.;2016/04/01
265;FR-R38R-48;Road Frames;LL Road Frame - Red, 48;Components;Red;48-52 CM;The LL Frame provides a safe comfortable ride, while offering superior bump absorption in a value-priced aluminum frame.;2017/05/01
266;FR-R38R-52;Road Frames;LL Road Frame - Red, 52;Components;Red;48-52 CM;The LL Frame provides a safe comfortable ride, while offering superior bump absorption in a value-priced aluminum frame.;2016/06/01
267;FR-R38R-52;Road Frames;LL Road Frame - Red, 52;Components;Red;48-52 CM;The LL Frame provides a safe comfortable ride, while offering superior bump absorption in a value-priced aluminum frame.;2017/07/01
268;FR-R38R-58;Road Frames;LL Road Frame - Red, 58;Components;Red;54-58 CM;The LL Frame provides a safe comfortable ride, while offering superior bump absorption in a value-priced aluminum frame.;2016/08/01
269;FR-R38R-58;Road Frames;LL Road Frame - Red, 58;Components;Red;54-58 CM;The LL Frame provides a safe comfortable ride, while offering superior bump absorption in a value-priced aluminum frame.;2017/09/01
270;FR-R38R-60;Road Frames;LL Road Frame - Red, 60;Components;Red;60-62 CM;The LL Frame provides a safe comfortable ride, while offering superior bump absorption in a value-priced aluminum frame.;2016/04/01
271;FR-R38R-60;Road Frames;LL Road Frame - Red, 60;Components;Red;60-62 CM;The LL Frame provides a safe comfortable ride, while offering superior bump absorption in a value-priced aluminum frame.;2017/01/01
272;FR-R38R-62;Road Frames;LL Road Frame - Red, 62;Components;Red;60-62 CM;The LL Frame provides a safe comfortable ride, while offering superior bump absorption in a value-priced aluminum frame.;2016/02/01
273;FR-R38R-62;Road Frames;LL Road Frame - Red, 62;Components;Red;60-62 CM;The LL Frame provides a safe comfortable ride, while offering superior bump absorption in a value-priced aluminum frame.;2017/03/01
274;FR-R72R-44;Road Frames;ML Road Frame - Red, 44;Components;Red;42-46 CM;Made from the same aluminum alloy as our top-of-the line HL frame, the ML features a lightweight down-tube milled to the perfect diameter for optimal strength. Men's version.;2016/04/01
275;FR-R72R-48;Road Frames;ML Road Frame - Red, 48;Components;Red;48-52 CM;Made from the same aluminum alloy as our top-of-the line HL frame, the ML features a lightweight down-tube milled to the perfect diameter for optimal strength. Men's version.;2016/05/01
276;FR-R72R-52;Road Frames;ML Road Frame - Red, 52;Components;Red;48-52 CM;Made from the same aluminum alloy as our top-of-the line HL frame, the ML features a lightweight down-tube milled to the perfect diameter for optimal strength. Men's version.;2016/06/01
277;FR-R72R-58;Road Frames;ML Road Frame - Red, 58;Components;Red;54-58 CM;Made from the same aluminum alloy as our top-of-the line HL frame, the ML features a lightweight down-tube milled to the perfect diameter for optimal strength. Men's version.;2016/07/01
278;FR-R72R-60;Road Frames;ML Road Frame - Red, 60;Components;Red;60-62 CM;Made from the same aluminum alloy as our top-of-the line HL frame, the ML features a lightweight down-tube milled to the perfect diameter for optimal strength. Men's version.;2016/08/01
279;FR-R38B-44;Road Frames;LL Road Frame - Black, 44;Components;Black;42-46 CM;The LL Frame provides a safe comfortable ride, while offering superior bump absorption in a value-priced aluminum frame.;2016/09/01
280;FR-R38B-44;Road Frames;LL Road Frame - Black, 44;Components;Black;42-46 CM;The LL Frame provides a safe comfortable ride, while offering superior bump absorption in a value-priced aluminum frame.;2017/04/01
281;FR-R38B-44;Road Frames;LL Road Frame - Black, 44;Components;Black;42-46 CM;The LL Frame provides a safe comfortable ride, while offering superior bump absorption in a value-priced aluminum frame.;2018/01/01
282;FR-R38B-48;Road Frames;LL Road Frame - Black, 48;Components;Black;48-52 CM;The LL Frame provides a safe comfortable ride, while offering superior bump absorption in a value-priced aluminum frame.;2016/02/01
283;FR-R38B-48;Road Frames;LL Road Frame - Black, 48;Components;Black;48-52 CM;The LL Frame provides a safe comfortable ride, while offering superior bump absorption in a value-priced aluminum frame.;2017/03/01
284;FR-R38B-48;Road Frames;LL Road Frame - Black, 48;Components;Black;48-52 CM;The LL Frame provides a safe comfortable ride, while offering superior bump absorption in a value-priced aluminum frame.;2018/04/01
285;FR-R38B-52;Road Frames;LL Road Frame - Black, 52;Components;Black;48-52 CM;The LL Frame provides a safe comfortable ride, while offering superior bump absorption in a value-priced aluminum frame.;2016/05/01
286;FR-R38B-52;Road Frames;LL Road Frame - Black, 52;Components;Black;48-52 CM;The LL Frame provides a safe comfortable ride, while offering superior bump absorption in a value-priced aluminum frame.;2017/06/01
287;FR-R38B-52;Road Frames;LL Road Frame - Black, 52;Components;Black;48-52 CM;The LL Frame provides a safe comfortable ride, while offering superior bump absorption in a value-priced aluminum frame.;2018/07/01
288;FR-M94S-42;Mountain Frames;HL Mountain Frame - Silver, 42;Components;Silver;42-46 CM;Each frame is hand-crafted in our Bothell facility to the optimum diameter and wall-thickness required of a premium mountain frame. The heat-treated welded aluminum frame has a larger diameter tube that absorbs the bumps.;2016/08/01
289;FR-M94S-42;Mountain Frames;HL Mountain Frame - Silver, 42;Components;Silver;42-46 CM;Each frame is hand-crafted in our Bothell facility to the optimum diameter and wall-thickness required of a premium mountain frame. The heat-treated welded aluminum frame has a larger diameter tube that absorbs the bumps.;2017/09/01
290;FR-M94S-42;Mountain Frames;HL Mountain Frame - Silver, 42;Components;Silver;42-46 CM;Each frame is hand-crafted in our Bothell facility to the optimum diameter and wall-thickness required of a premium mountain frame. The heat-treated welded aluminum frame has a larger diameter tube that absorbs the bumps.;2018/04/01
291;FR-M94S-44;Mountain Frames;HL Mountain Frame - Silver, 44;Components;Silver;42-46 CM;Each frame is hand-crafted in our Bothell facility to the optimum diameter and wall-thickness required of a premium mountain frame. The heat-treated welded aluminum frame has a larger diameter tube that absorbs the bumps.;2016/01/01
292;FR-M94S-52;Mountain Frames;HL Mountain Frame - Silver, 48;Components;Silver;48-52 CM;Each frame is hand-crafted in our Bothell facility to the optimum diameter and wall-thickness required of a premium mountain frame. The heat-treated welded aluminum frame has a larger diameter tube that absorbs the bumps.;2016/02/01
293;FR-M94S-46;Mountain Frames;HL Mountain Frame - Silver, 46;Components;Silver;42-46 CM;Each frame is hand-crafted in our Bothell facility to the optimum diameter and wall-thickness required of a premium mountain frame. The heat-treated welded aluminum frame has a larger diameter tube that absorbs the bumps.;2016/03/01
294;FR-M94S-46;Mountain Frames;HL Mountain Frame - Silver, 46;Components;Silver;42-46 CM;Each frame is hand-crafted in our Bothell facility to the optimum diameter and wall-thickness required of a premium mountain frame. The heat-treated welded aluminum frame has a larger diameter tube that absorbs the bumps.;2017/04/01
295;FR-M94S-46;Mountain Frames;HL Mountain Frame - Silver, 46;Components;Silver;42-46 CM;Each frame is hand-crafted in our Bothell facility to the optimum diameter and wall-thickness required of a premium mountain frame. The heat-treated welded aluminum frame has a larger diameter tube that absorbs the bumps.;2018/05/01
296;FR-M94B-42;Mountain Frames;HL Mountain Frame - Black, 42;Components;Black;42-46 CM;Each frame is hand-crafted in our Bothell facility to the optimum diameter and wall-thickness required of a premium mountain frame. The heat-treated welded aluminum frame has a larger diameter tube that absorbs the bumps.;2016/06/01
297;FR-M94B-42;Mountain Frames;HL Mountain Frame - Black, 42;Components;Black;42-46 CM;Each frame is hand-crafted in our Bothell facility to the optimum diameter and wall-thickness required of a premium mountain frame. The heat-treated welded aluminum frame has a larger diameter tube that absorbs the bumps.;2017/07/01
298;FR-M94B-42;Mountain Frames;HL Mountain Frame - Black, 42;Components;Black;42-46 CM;Each frame is hand-crafted in our Bothell facility to the optimum diameter and wall-thickness required of a premium mountain frame. The heat-treated welded aluminum frame has a larger diameter tube that absorbs the bumps.;2018/08/01
299;FR-M94B-44;Mountain Frames;HL Mountain Frame - Black, 44;Components;Black;42-46 CM;Each frame is hand-crafted in our Bothell facility to the optimum diameter and wall-thickness required of a premium mountain frame. The heat-treated welded aluminum frame has a larger diameter tube that absorbs the bumps.;2016/09/01
300;FR-M94B-48;Mountain Frames;HL Mountain Frame - Black, 48;Components;Black;48-52 CM;Each frame is hand-crafted in our Bothell facility to the optimum diameter and wall-thickness required of a premium mountain frame. The heat-treated welded aluminum frame has a larger diameter tube that absorbs the bumps.;2016/04/01
301;FR-M94B-46;Mountain Frames;HL Mountain Frame - Black, 46;Components;Black;42-46 CM;Each frame is hand-crafted in our Bothell facility to the optimum diameter and wall-thickness required of a premium mountain frame. The heat-treated welded aluminum frame has a larger diameter tube that absorbs the bumps.;2016/01/01
302;FR-M94B-46;Mountain Frames;HL Mountain Frame - Black, 46;Components;Black;42-46 CM;Each frame is hand-crafted in our Bothell facility to the optimum diameter and wall-thickness required of a premium mountain frame. The heat-treated welded aluminum frame has a larger diameter tube that absorbs the bumps.;2017/02/01
303;FR-M94B-46;Mountain Frames;HL Mountain Frame - Black, 46;Components;Black;42-46 CM;Each frame is hand-crafted in our Bothell facility to the optimum diameter and wall-thickness required of a premium mountain frame. The heat-treated welded aluminum frame has a larger diameter tube that absorbs the bumps.;2018/03/01
304;FR-M94B-38;Mountain Frames;HL Mountain Frame - Black, 38;Components;Black;38-40 CM;Each frame is hand-crafted in our Bothell facility to the optimum diameter and wall-thickness required of a premium mountain frame. The heat-treated welded aluminum frame has a larger diameter tube that absorbs the bumps.;2016/04/01
305;FR-M94B-38;Mountain Frames;HL Mountain Frame - Black, 38;Components;Black;38-40 CM;Each frame is hand-crafted in our Bothell facility to the optimum diameter and wall-thickness required of a premium mountain frame. The heat-treated welded aluminum frame has a larger diameter tube that absorbs the bumps.;2017/05/01
306;FR-M94B-38;Mountain Frames;HL Mountain Frame - Black, 38;Components;Black;38-40 CM;Each frame is hand-crafted in our Bothell facility to the optimum diameter and wall-thickness required of a premium mountain frame. The heat-treated welded aluminum frame has a larger diameter tube that absorbs the bumps.;2018/06/01
307;FR-M94S-38;Mountain Frames;HL Mountain Frame - Silver, 38;Components;Silver;38-40 CM;Each frame is hand-crafted in our Bothell facility to the optimum diameter and wall-thickness required of a premium mountain frame. The heat-treated welded aluminum frame has a larger diameter tube that absorbs the bumps.;2016/07/01
308;FR-M94S-38;Mountain Frames;HL Mountain Frame - Silver, 38;Components;Silver;38-40 CM;Each frame is hand-crafted in our Bothell facility to the optimum diameter and wall-thickness required of a premium mountain frame. The heat-treated welded aluminum frame has a larger diameter tube that absorbs the bumps.;2017/08/01
309;FR-M94S-38;Mountain Frames;HL Mountain Frame - Silver, 38;Components;Silver;38-40 CM;Each frame is hand-crafted in our Bothell facility to the optimum diameter and wall-thickness required of a premium mountain frame. The heat-treated welded aluminum frame has a larger diameter tube that absorbs the bumps.;2018/09/01
310;BK-R93R-62;Road Bikes;Road-150 Red, 62;Bikes;Red;60-62 CM;This bike is ridden by race winners. Developed with the Adventure Works Cycles professional race team, it has a extremely light heat-treated aluminum frame, and steering that allows precision control.;2016/04/01
311;BK-R93R-44;Road Bikes;Road-150 Red, 44;Bikes;Red;42-46 CM;This bike is ridden by race winners. Developed with the Adventure Works Cycles professional race team, it has a extremely light heat-treated aluminum frame, and steering that allows precision control.;2016/01/01
312;BK-R93R-48;Road Bikes;Road-150 Red, 48;Bikes;Red;48-52 CM;This bike is ridden by race winners. Developed with the Adventure Works Cycles professional race team, it has a extremely light heat-treated aluminum frame, and steering that allows precision control.;2016/02/01
313;BK-R93R-52;Road Bikes;Road-150 Red, 52;Bikes;Red;48-52 CM;This bike is ridden by race winners. Developed with the Adventure Works Cycles professional race team, it has a extremely light heat-treated aluminum frame, and steering that allows precision control.;2016/03/01
314;BK-R93R-56;Road Bikes;Road-150 Red, 56;Bikes;Red;54-58 CM;This bike is ridden by race winners. Developed with the Adventure Works Cycles professional race team, it has a extremely light heat-treated aluminum frame, and steering that allows precision control.;2016/04/01
315;BK-R68R-58;Road Bikes;Road-450 Red, 58;Bikes;Red;54-58 CM;A true multi-sport bike that offers streamlined riding and a revolutionary design. Aerodynamic design lets you ride with the pros, and the gearing will conquer hilly roads.;2016/05/01
316;BK-R68R-60;Road Bikes;Road-450 Red, 60;Bikes;Red;60-62 CM;A true multi-sport bike that offers streamlined riding and a revolutionary design. Aerodynamic design lets you ride with the pros, and the gearing will conquer hilly roads.;2016/06/01
317;BK-R68R-44;Road Bikes;Road-450 Red, 44;Bikes;Red;42-46 CM;A true multi-sport bike that offers streamlined riding and a revolutionary design. Aerodynamic design lets you ride with the pros, and the gearing will conquer hilly roads.;2016/07/01
318;BK-R68R-48;Road Bikes;Road-450 Red, 48;Bikes;Red;48-52 CM;A true multi-sport bike that offers streamlined riding and a revolutionary design. Aerodynamic design lets you ride with the pros, and the gearing will conquer hilly roads.;2016/08/01
319;BK-R68R-52;Road Bikes;Road-450 Red, 52;Bikes;Red;48-52 CM;A true multi-sport bike that offers streamlined riding and a revolutionary design. Aerodynamic design lets you ride with the pros, and the gearing will conquer hilly roads.;2016/09/01
320;BK-R50R-58;Road Bikes;Road-650 Red, 58;Bikes;Red;54-58 CM;Value-priced bike with many features of our top-of-the-line models. Has the same light, stiff frame, and the quick acceleration we're famous for.;2016/04/01
321;BK-R50R-58;Road Bikes;Road-650 Red, 58;Bikes;Red;54-58 CM;Value-priced bike with many features of our top-of-the-line models. Has the same light, stiff frame, and the quick acceleration we're famous for.;2017/01/01
322;BK-R50R-60;Road Bikes;Road-650 Red, 60;Bikes;Red;60-62 CM;Value-priced bike with many features of our top-of-the-line models. Has the same light, stiff frame, and the quick acceleration we're famous for.;2016/02/01
323;BK-R50R-60;Road Bikes;Road-650 Red, 60;Bikes;Red;60-62 CM;Value-priced bike with many features of our top-of-the-line models. Has the same light, stiff frame, and the quick acceleration we're famous for.;2017/03/01
324;BK-R50R-62;Road Bikes;Road-650 Red, 62;Bikes;Red;60-62 CM;Value-priced bike with many features of our top-of-the-line models. Has the same light, stiff frame, and the quick acceleration we're famous for.;2016/04/01
325;BK-R50R-62;Road Bikes;Road-650 Red, 62;Bikes;Red;60-62 CM;Value-priced bike with many features of our top-of-the-line models. Has the same light, stiff frame, and the quick acceleration we're famous for.;2017/05/01
326;BK-R50R-44;Road Bikes;Road-650 Red, 44;Bikes;Red;42-46 CM;Value-priced bike with many features of our top-of-the-line models. Has the same light, stiff frame, and the quick acceleration we're famous for.;2016/06/01
327;BK-R50R-44;Road Bikes;Road-650 Red, 44;Bikes;Red;42-46 CM;Value-priced bike with many features of our top-of-the-line models. Has the same light, stiff frame, and the quick acceleration we're famous for.;2017/07/01
328;BK-R50R-48;Road Bikes;Road-650 Red, 48;Bikes;Red;48-52 CM;Value-priced bike with many features of our top-of-the-line models. Has the same light, stiff frame, and the quick acceleration we're famous for.;2016/08/01
329;BK-R50R-48;Road Bikes;Road-650 Red, 48;Bikes;Red;48-52 CM;Value-priced bike with many features of our top-of-the-line models. Has the same light, stiff frame, and the quick acceleration we're famous for.;2017/09/01
330;BK-R50R-52;Road Bikes;Road-650 Red, 52;Bikes;Red;48-52 CM;Value-priced bike with many features of our top-of-the-line models. Has the same light, stiff frame, and the quick acceleration we're famous for.;2016/04/01
331;BK-R50R-52;Road Bikes;Road-650 Red, 52;Bikes;Red;48-52 CM;Value-priced bike with many features of our top-of-the-line models. Has the same light, stiff frame, and the quick acceleration we're famous for.;2017/01/01
332;BK-R50B-58;Road Bikes;Road-650 Black, 58;Bikes;Black;54-58 CM;Value-priced bike with many features of our top-of-the-line models. Has the same light, stiff frame, and the quick acceleration we're famous for.;2016/02/01
333;BK-R50B-58;Road Bikes;Road-650 Black, 58;Bikes;Black;54-58 CM;Value-priced bike with many features of our top-of-the-line models. Has the same light, stiff frame, and the quick acceleration we're famous for.;2017/03/01
334;BK-R50B-60;Road Bikes;Road-650 Black, 60;Bikes;Black;60-62 CM;Value-priced bike with many features of our top-of-the-line models. Has the same light, stiff frame, and the quick acceleration we're famous for.;2016/04/01
335;BK-R50B-60;Road Bikes;Road-650 Black, 60;Bikes;Black;60-62 CM;Value-priced bike with many features of our top-of-the-line models. Has the same light, stiff frame, and the quick acceleration we're famous for.;2017/05/01
336;BK-R50B-62;Road Bikes;Road-650 Black, 62;Bikes;Black;60-62 CM;Value-priced bike with many features of our top-of-the-line models. Has the same light, stiff frame, and the quick acceleration we're famous for.;2016/06/01
337;BK-R50B-62;Road Bikes;Road-650 Black, 62;Bikes;Black;60-62 CM;Value-priced bike with many features of our top-of-the-line models. Has the same light, stiff frame, and the quick acceleration we're famous for.;2017/07/01
338;BK-R50B-44;Road Bikes;Road-650 Black, 44;Bikes;Black;42-46 CM;Value-priced bike with many features of our top-of-the-line models. Has the same light, stiff frame, and the quick acceleration we're famous for.;2016/08/01
339;BK-R50B-44;Road Bikes;Road-650 Black, 44;Bikes;Black;42-46 CM;Value-priced bike with many features of our top-of-the-line models. Has the same light, stiff frame, and the quick acceleration we're famous for.;2017/09/01
340;BK-R50B-48;Road Bikes;Road-650 Black, 48;Bikes;Black;48-52 CM;Value-priced bike with many features of our top-of-the-line models. Has the same light, stiff frame, and the quick acceleration we're famous for.;2016/04/01
341;BK-R50B-48;Road Bikes;Road-650 Black, 48;Bikes;Black;48-52 CM;Value-priced bike with many features of our top-of-the-line models. Has the same light, stiff frame, and the quick acceleration we're famous for.;2017/01/01
342;BK-R50B-52;Road Bikes;Road-650 Black, 52;Bikes;Black;48-52 CM;Value-priced bike with many features of our top-of-the-line models. Has the same light, stiff frame, and the quick acceleration we're famous for.;2016/02/01
343;BK-R50B-52;Road Bikes;Road-650 Black, 52;Bikes;Black;48-52 CM;Value-priced bike with many features of our top-of-the-line models. Has the same light, stiff frame, and the quick acceleration we're famous for.;2017/03/01
344;BK-M82S-38;Mountain Bikes;Mountain-100 Silver, 38;Bikes;Silver;38-40 CM;Top-of-the-line competition mountain bike. Performance-enhancing options include the innovative HL Frame, super-smooth front suspension, and traction for all terrain.;2016/04/01
345;BK-M82S-42;Mountain Bikes;Mountain-100 Silver, 42;Bikes;Silver;42-46 CM;Top-of-the-line competition mountain bike. Performance-enhancing options include the innovative HL Frame, super-smooth front suspension, and traction for all terrain.;2016/05/01
346;BK-M82S-44;Mountain Bikes;Mountain-100 Silver, 44;Bikes;Silver;42-46 CM;Top-of-the-line competition mountain bike. Performance-enhancing options include the innovative HL Frame, super-smooth front suspension, and traction for all terrain.;2016/06/01
347;BK-M82S-48;Mountain Bikes;Mountain-100 Silver, 48;Bikes;Silver;48-52 CM;Top-of-the-line competition mountain bike. Performance-enhancing options include the innovative HL Frame, super-smooth front suspension, and traction for all terrain.;2016/07/01
348;BK-M82B-38;Mountain Bikes;Mountain-100 Black, 38;Bikes;Black;38-40 CM;Top-of-the-line competition mountain bike. Performance-enhancing options include the innovative HL Frame, super-smooth front suspension, and traction for all terrain.;2016/08/01
349;BK-M82B-42;Mountain Bikes;Mountain-100 Black, 42;Bikes;Black;42-46 CM;Top-of-the-line competition mountain bike. Performance-enhancing options include the innovative HL Frame, super-smooth front suspension, and traction for all terrain.;2016/09/01
350;BK-M82B-44;Mountain Bikes;Mountain-100 Black, 44;Bikes;Black;42-46 CM;Top-of-the-line competition mountain bike. Performance-enhancing options include the innovative HL Frame, super-smooth front suspension, and traction for all terrain.;2016/04/01
351;BK-M82B-48;Mountain Bikes;Mountain-100 Black, 48;Bikes;Black;48-52 CM;Top-of-the-line competition mountain bike. Performance-enhancing options include the innovative HL Frame, super-smooth front suspension, and traction for all terrain.;2016/01/01
352;BK-M68S-38;Mountain Bikes;Mountain-200 Silver, 38;Bikes;Silver;38-40 CM;Serious back-country riding. Perfect for all levels of competition. Uses the same HL Frame as the Mountain-100.;2017/02/01
353;BK-M68S-38;Mountain Bikes;Mountain-200 Silver, 38;Bikes;Silver;38-40 CM;Serious back-country riding. Perfect for all levels of competition. Uses the same HL Frame as the Mountain-100.;2018/03/01
354;BK-M68S-42;Mountain Bikes;Mountain-200 Silver, 42;Bikes;Silver;42-46 CM;Serious back-country riding. Perfect for all levels of competition. Uses the same HL Frame as the Mountain-100.;2017/04/01
355;BK-M68S-42;Mountain Bikes;Mountain-200 Silver, 42;Bikes;Silver;42-46 CM;Serious back-country riding. Perfect for all levels of competition. Uses the same HL Frame as the Mountain-100.;2018/05/01
356;BK-M68S-46;Mountain Bikes;Mountain-200 Silver, 46;Bikes;Silver;42-46 CM;Serious back-country riding. Perfect for all levels of competition. Uses the same HL Frame as the Mountain-100.;2017/06/01
357;BK-M68S-46;Mountain Bikes;Mountain-200 Silver, 46;Bikes;Silver;42-46 CM;Serious back-country riding. Perfect for all levels of competition. Uses the same HL Frame as the Mountain-100.;2018/07/01
358;BK-M68B-38;Mountain Bikes;Mountain-200 Black, 38;Bikes;Black;38-40 CM;Serious back-country riding. Perfect for all levels of competition. Uses the same HL Frame as the Mountain-100.;2017/08/01
359;BK-M68B-38;Mountain Bikes;Mountain-200 Black, 38;Bikes;Black;38-40 CM;Serious back-country riding. Perfect for all levels of competition. Uses the same HL Frame as the Mountain-100.;2018/09/01
360;BK-M68B-42;Mountain Bikes;Mountain-200 Black, 42;Bikes;Black;42-46 CM;Serious back-country riding. Perfect for all levels of competition. Uses the same HL Frame as the Mountain-100.;2017/04/01
361;BK-M68B-42;Mountain Bikes;Mountain-200 Black, 42;Bikes;Black;42-46 CM;Serious back-country riding. Perfect for all levels of competition. Uses the same HL Frame as the Mountain-100.;2018/01/01
362;BK-M68B-46;Mountain Bikes;Mountain-200 Black, 46;Bikes;Black;42-46 CM;Serious back-country riding. Perfect for all levels of competition. Uses the same HL Frame as the Mountain-100.;2017/02/01
363;BK-M68B-46;Mountain Bikes;Mountain-200 Black, 46;Bikes;Black;42-46 CM;Serious back-country riding. Perfect for all levels of competition. Uses the same HL Frame as the Mountain-100.;2018/03/01
364;BK-M47B-38;Mountain Bikes;Mountain-300 Black, 38;Bikes;Black;38-40 CM;For true trail addicts.  An extremely durable bike that will go anywhere and keep you in control on challenging terrain - without breaking your budget.;2017/04/01
365;BK-M47B-40;Mountain Bikes;Mountain-300 Black, 40;Bikes;Black;38-40 CM;For true trail addicts.  An extremely durable bike that will go anywhere and keep you in control on challenging terrain - without breaking your budget.;2017/05/01
366;BK-M47B-44;Mountain Bikes;Mountain-300 Black, 44;Bikes;Black;42-46 CM;For true trail addicts.  An extremely durable bike that will go anywhere and keep you in control on challenging terrain - without breaking your budget.;2017/06/01
367;BK-M47B-48;Mountain Bikes;Mountain-300 Black, 48;Bikes;Black;48-52 CM;For true trail addicts.  An extremely durable bike that will go anywhere and keep you in control on challenging terrain - without breaking your budget.;2017/07/01
368;BK-R89R-44;Road Bikes;Road-250 Red, 44;Bikes;Red;42-46 CM;Alluminum-alloy frame provides a light, stiff ride, whether you are racing in the velodrome or on a demanding club ride on country roads.;2017/08/01
369;BK-R89R-48;Road Bikes;Road-250 Red, 48;Bikes;Red;48-52 CM;Alluminum-alloy frame provides a light, stiff ride, whether you are racing in the velodrome or on a demanding club ride on country roads.;2017/09/01
370;BK-R89R-52;Road Bikes;Road-250 Red, 52;Bikes;Red;48-52 CM;Alluminum-alloy frame provides a light, stiff ride, whether you are racing in the velodrome or on a demanding club ride on country roads.;2017/04/01
371;BK-R89R-58;Road Bikes;Road-250 Red, 58;Bikes;Red;54-58 CM;Alluminum-alloy frame provides a light, stiff ride, whether you are racing in the velodrome or on a demanding club ride on country roads.;2017/01/01
372;BK-R89R-58;Road Bikes;Road-250 Red, 58;Bikes;Red;54-58 CM;Alluminum-alloy frame provides a light, stiff ride, whether you are racing in the velodrome or on a demanding club ride on country roads.;2018/02/01
373;BK-R89B-44;Road Bikes;Road-250 Black, 44;Bikes;Black;42-46 CM;Alluminum-alloy frame provides a light, stiff ride, whether you are racing in the velodrome or on a demanding club ride on country roads.;2017/03/01
374;BK-R89B-44;Road Bikes;Road-250 Black, 44;Bikes;Black;42-46 CM;Alluminum-alloy frame provides a light, stiff ride, whether you are racing in the velodrome or on a demanding club ride on country roads.;2018/04/01
375;BK-R89B-48;Road Bikes;Road-250 Black, 48;Bikes;Black;48-52 CM;Alluminum-alloy frame provides a light, stiff ride, whether you are racing in the velodrome or on a demanding club ride on country roads.;2017/05/01
376;BK-R89B-48;Road Bikes;Road-250 Black, 48;Bikes;Black;48-52 CM;Alluminum-alloy frame provides a light, stiff ride, whether you are racing in the velodrome or on a demanding club ride on country roads.;2018/06/01
377;BK-R89B-52;Road Bikes;Road-250 Black, 52;Bikes;Black;48-52 CM;Alluminum-alloy frame provides a light, stiff ride, whether you are racing in the velodrome or on a demanding club ride on country roads.;2017/07/01
378;BK-R89B-52;Road Bikes;Road-250 Black, 52;Bikes;Black;48-52 CM;Alluminum-alloy frame provides a light, stiff ride, whether you are racing in the velodrome or on a demanding club ride on country roads.;2018/08/01
379;BK-R89B-58;Road Bikes;Road-250 Black, 58;Bikes;Black;54-58 CM;Alluminum-alloy frame provides a light, stiff ride, whether you are racing in the velodrome or on a demanding club ride on country roads.;2017/09/01
380;BK-R89B-58;Road Bikes;Road-250 Black, 58;Bikes;Black;54-58 CM;Alluminum-alloy frame provides a light, stiff ride, whether you are racing in the velodrome or on a demanding club ride on country roads.;2018/04/01
381;BK-R64Y-38;Road Bikes;Road-550-W Yellow, 38;Bikes;Yellow;38-40 CM;Same technology as all of our Road series bikes, but the frame is sized for a woman.  Perfect all-around bike for road or racing.;2017/01/01
382;BK-R64Y-38;Road Bikes;Road-550-W Yellow, 38;Bikes;Yellow;38-40 CM;Same technology as all of our Road series bikes, but the frame is sized for a woman.  Perfect all-around bike for road or racing.;2018/02/01
383;BK-R64Y-40;Road Bikes;Road-550-W Yellow, 40;Bikes;Yellow;38-40 CM;Same technology as all of our Road series bikes, but the frame is sized for a woman.  Perfect all-around bike for road or racing.;2017/03/01
384;BK-R64Y-40;Road Bikes;Road-550-W Yellow, 40;Bikes;Yellow;38-40 CM;Same technology as all of our Road series bikes, but the frame is sized for a woman.  Perfect all-around bike for road or racing.;2018/04/01
385;BK-R64Y-42;Road Bikes;Road-550-W Yellow, 42;Bikes;Yellow;42-46 CM;Same technology as all of our Road series bikes, but the frame is sized for a woman.  Perfect all-around bike for road or racing.;2017/05/01
386;BK-R64Y-42;Road Bikes;Road-550-W Yellow, 42;Bikes;Yellow;42-46 CM;Same technology as all of our Road series bikes, but the frame is sized for a woman.  Perfect all-around bike for road or racing.;2018/06/01
387;BK-R64Y-44;Road Bikes;Road-550-W Yellow, 44;Bikes;Yellow;42-46 CM;Same technology as all of our Road series bikes, but the frame is sized for a woman.  Perfect all-around bike for road or racing.;2017/07/01
388;BK-R64Y-44;Road Bikes;Road-550-W Yellow, 44;Bikes;Yellow;42-46 CM;Same technology as all of our Road series bikes, but the frame is sized for a woman.  Perfect all-around bike for road or racing.;2018/08/01
389;BK-R64Y-48;Road Bikes;Road-550-W Yellow, 48;Bikes;Yellow;48-52 CM;Same technology as all of our Road series bikes, but the frame is sized for a woman.  Perfect all-around bike for road or racing.;2017/09/01
390;BK-R64Y-48;Road Bikes;Road-550-W Yellow, 48;Bikes;Yellow;48-52 CM;Same technology as all of our Road series bikes, but the frame is sized for a woman.  Perfect all-around bike for road or racing.;2018/04/01
391;FK-1639;Forks;LL Fork;Components;;NA;Stout design absorbs shock and offers more precise steering.;2017/01/01
392;FK-5136;Forks;ML Fork;Components;;NA;Composite road fork with an aluminum steerer tube.;2017/02/01
393;FK-9939;Forks;HL Fork;Components;;NA;High-performance carbon road fork with curved legs.;2017/03/01
394;HS-0296;Headsets;LL Headset;Components;;NA;Threadless headset provides quality at an economical price.;2017/04/01
395;HS-2451;Headsets;ML Headset;Components;;NA;Sealed cartridge keeps dirt out.;2017/05/01
396;HS-3479;Headsets;HL Headset;Components;;NA;"High-quality 1"" threadless headset with a grease port for quick lubrication.";2017/06/01
397;HB-M243;Handlebars;LL Mountain Handlebars;Components;;NA;All-purpose bar for on or off-road.;2017/07/01
398;HB-M243;Handlebars;LL Mountain Handlebars;Components;;NA;All-purpose bar for on or off-road.;2018/08/01
399;HB-M763;Handlebars;ML Mountain Handlebars;Components;;NA;Tough aluminum alloy bars for downhill.;2017/09/01
400;HB-M763;Handlebars;ML Mountain Handlebars;Components;;NA;Tough aluminum alloy bars for downhill.;2018/04/01
401;HB-M918;Handlebars;HL Mountain Handlebars;Components;;NA;Flat bar strong enough for the pro circuit.;2017/01/01
402;HB-M918;Handlebars;HL Mountain Handlebars;Components;;NA;Flat bar strong enough for the pro circuit.;2018/02/01
403;HB-R504;Handlebars;LL Road Handlebars;Components;;NA;Unique shape provides easier reach to the levers.;2017/03/01
404;HB-R504;Handlebars;LL Road Handlebars;Components;;NA;Unique shape provides easier reach to the levers.;2018/04/01
405;HB-R720;Handlebars;ML Road Handlebars;Components;;NA;Anatomically shaped aluminum tube bar will suit all riders.;2017/05/01
406;HB-R720;Handlebars;ML Road Handlebars;Components;;NA;Anatomically shaped aluminum tube bar will suit all riders.;2018/06/01
407;HB-R956;Handlebars;HL Road Handlebars;Components;;NA;"Designed for racers; high-end anatomically shaped bar from aluminum alloy.";2017/07/01
408;HB-R956;Handlebars;HL Road Handlebars;Components;;NA;"Designed for racers; high-end anatomically shaped bar from aluminum alloy.";2018/08/01
409;FR-M63B-38;Mountain Frames;ML Mountain Frame - Black, 38;Components;Black;38-40 CM;The ML frame is a heat-treated aluminum frame made with the same detail and quality as our HL frame. It offers superior performance. Men's version.;2017/09/01
410;FW-M423;Wheels;LL Mountain Front Wheel;Components;Black;;Replacement mountain wheel for entry-level rider.;2017/04/01
411;FW-M762;Wheels;ML Mountain Front Wheel;Components;Black;;Replacement mountain wheel for the casual to serious rider.;2017/01/01
412;FW-M928;Wheels;HL Mountain Front Wheel;Components;Black;;High-performance mountain replacement wheel.;2017/02/01
413;FW-R623;Wheels;LL Road Front Wheel;Components;Black;;Replacement road front wheel for entry-level cyclist.;2017/03/01
414;FW-R762;Wheels;ML Road Front Wheel;Components;Black;;Sturdy alloy features a quick-release hub.;2017/04/01
415;FW-R820;Wheels;HL Road Front Wheel;Components;Black;;Strong wheel with double-walled rim.;2017/05/01
416;FW-T905;Wheels;Touring Front Wheel;Components;Black;;Aerodynamic rims for smooth riding.;2017/06/01
417;FR-R72Y-38;Road Frames;ML Road Frame-W - Yellow, 38;Components;Yellow;38-40 CM;Made from the same aluminum alloy as our top-of-the line HL frame, the ML features a lightweight down-tube milled to the perfect diameter for optimal strength. Women's version.;2017/07/01
418;FR-R72Y-38;Road Frames;ML Road Frame-W - Yellow, 38;Components;Yellow;38-40 CM;Made from the same aluminum alloy as our top-of-the line HL frame, the ML features a lightweight down-tube milled to the perfect diameter for optimal strength. Women's version.;2018/08/01
419;RW-M423;Wheels;LL Mountain Rear Wheel;Components;Black;;Replacement mountain wheel for entry-level rider.;2017/09/01
420;RW-M762;Wheels;ML Mountain Rear Wheel;Components;Black;;Replacement mountain wheel for the casual to serious rider.;2017/04/01
421;RW-M928;Wheels;HL Mountain Rear Wheel;Components;Black;;High-performance mountain replacement wheel.;2017/01/01
422;RW-R623;Wheels;LL Road Rear Wheel;Components;Black;;Replacement road rear wheel for entry-level cyclist.;2017/02/01
423;RW-R762;Wheels;ML Road Rear Wheel;Components;Black;;"Aluminum alloy rim with stainless steel spokes; built for speed.";2017/03/01
424;RW-R820;Wheels;HL Road Rear Wheel;Components;Black;;Strong rear wheel with double-walled rim.;2017/04/01
425;RW-T905;Wheels;Touring Rear Wheel;Components;Black;;Excellent aerodynamic rims guarantee a smooth ride.;2017/05/01
426;FR-M63B-40;Mountain Frames;ML Mountain Frame - Black, 40;Components;Black;38-40 CM;The ML frame is a heat-treated aluminum frame made with the same detail and quality as our HL frame. It offers superior performance. Women's version.;2017/06/01
427;FR-M63B-44;Mountain Frames;ML Mountain Frame - Black, 44;Components;Black;42-46 CM;The ML frame is a heat-treated aluminum frame made with the same detail and quality as our HL frame. It offers superior performance. Women's version.;2017/07/01
428;FR-M63B-48;Mountain Frames;ML Mountain Frame - Black, 48;Components;Black;48-52 CM;The ML frame is a heat-treated aluminum frame made with the same detail and quality as our HL frame. It offers superior performance. Women's version.;2017/08/01
429;FR-R72Y-40;Road Frames;ML Road Frame-W - Yellow, 40;Components;Yellow;38-40 CM;Made from the same aluminum alloy as our top-of-the line HL frame, the ML features a lightweight down-tube milled to the perfect diameter for optimal strength. Women's version.;2017/09/01
430;FR-R72Y-40;Road Frames;ML Road Frame-W - Yellow, 40;Components;Yellow;38-40 CM;Made from the same aluminum alloy as our top-of-the line HL frame, the ML features a lightweight down-tube milled to the perfect diameter for optimal strength. Women's version.;2018/04/01
431;FR-R72Y-42;Road Frames;ML Road Frame-W - Yellow, 42;Components;Yellow;42-46 CM;Made from the same aluminum alloy as our top-of-the line HL frame, the ML features a lightweight down-tube milled to the perfect diameter for optimal strength. Women's version.;2017/01/01
432;FR-R72Y-42;Road Frames;ML Road Frame-W - Yellow, 42;Components;Yellow;42-46 CM;Made from the same aluminum alloy as our top-of-the line HL frame, the ML features a lightweight down-tube milled to the perfect diameter for optimal strength. Women's version.;2018/02/01
433;FR-R72Y-44;Road Frames;ML Road Frame-W - Yellow, 44;Components;Yellow;42-46 CM;Made from the same aluminum alloy as our top-of-the line HL frame, the ML features a lightweight down-tube milled to the perfect diameter for optimal strength. Women's version.;2017/03/01
434;FR-R72Y-44;Road Frames;ML Road Frame-W - Yellow, 44;Components;Yellow;42-46 CM;Made from the same aluminum alloy as our top-of-the line HL frame, the ML features a lightweight down-tube milled to the perfect diameter for optimal strength. Women's version.;2018/04/01
435;FR-R72Y-48;Road Frames;ML Road Frame-W - Yellow, 48;Components;Yellow;48-52 CM;Made from the same aluminum alloy as our top-of-the line HL frame, the ML features a lightweight down-tube milled to the perfect diameter for optimal strength. Women's version.;2017/05/01
436;FR-R72Y-48;Road Frames;ML Road Frame-W - Yellow, 48;Components;Yellow;48-52 CM;Made from the same aluminum alloy as our top-of-the line HL frame, the ML features a lightweight down-tube milled to the perfect diameter for optimal strength. Women's version.;2018/06/01
437;FR-R92B-62;Road Frames;HL Road Frame - Black, 62;Components;Black;60-62 CM;"Our lightest and best quality aluminum frame made from the newest alloy; it is welded and heat-treated for strength. Our innovative design results in maximum comfort and performance.";2017/07/01
438;FR-R92B-62;Road Frames;HL Road Frame - Black, 62;Components;Black;60-62 CM;"Our lightest and best quality aluminum frame made from the newest alloy; it is welded and heat-treated for strength. Our innovative design results in maximum comfort and performance.";2018/08/01
439;FR-R92B-44;Road Frames;HL Road Frame - Black, 44;Components;Black;42-46 CM;"Our lightest and best quality aluminum frame made from the newest alloy; it is welded and heat-treated for strength. Our innovative design results in maximum comfort and performance.";2017/09/01
440;FR-R92B-44;Road Frames;HL Road Frame - Black, 44;Components;Black;42-46 CM;"Our lightest and best quality aluminum frame made from the newest alloy; it is welded and heat-treated for strength. Our innovative design results in maximum comfort and performance.";2018/04/01
441;FR-R92B-48;Road Frames;HL Road Frame - Black, 48;Components;Black;48-52 CM;"Our lightest and best quality aluminum frame made from the newest alloy; it is welded and heat-treated for strength. Our innovative design results in maximum comfort and performance.";2017/01/01
442;FR-R92B-48;Road Frames;HL Road Frame - Black, 48;Components;Black;48-52 CM;"Our lightest and best quality aluminum frame made from the newest alloy; it is welded and heat-treated for strength. Our innovative design results in maximum comfort and performance.";2018/02/01
443;FR-R92B-52;Road Frames;HL Road Frame - Black, 52;Components;Black;48-52 CM;"Our lightest and best quality aluminum frame made from the newest alloy; it is welded and heat-treated for strength. Our innovative design results in maximum comfort and performance.";2017/03/01
444;FR-R92B-52;Road Frames;HL Road Frame - Black, 52;Components;Black;48-52 CM;"Our lightest and best quality aluminum frame made from the newest alloy; it is welded and heat-treated for strength. Our innovative design results in maximum comfort and performance.";2018/04/01
445;SH-M897-S;Shorts;Men's Sports Shorts, S;Clothing;Black;S;Men's 8-panel racing shorts - lycra with an elastic waistband and leg grippers.;2017/05/01
446;PA-T100;Panniers;Touring-Panniers, Large;Accessories;Grey;;Durable, water-proof nylon construction with easy access. Large enough for weekend trips.;2017/06/01
447;LO-C100;Locks;Cable Lock;Accessories;;NA;Wraps to fit front and rear tires, carrier and 2 keys included.;2017/07/01
448;PU-0452;Pumps;Minipump;Accessories;;NA;Designed for convenience. Fits in your pocket. Aluminum barrel. 160psi rated.;2017/08/01
449;PU-M044;Pumps;Mountain Pump;Accessories;;NA;Simple and light-weight. Emergency patches stored in handle.;2017/09/01
450;LT-T990;Lights;Taillights - Battery-Powered;Accessories;;NA;Affordable light for safe night riding - uses 3 AAA batteries;2017/04/01
451;LT-H902;Lights;Headlights - Dual-Beam;Accessories;;NA;Rechargeable dual-beam headlight.;2017/01/01
452;LT-H903;Lights;Headlights - Weatherproof;Accessories;;NA;Rugged weatherproof headlight.;2017/02/01
453;SH-M897-M;Shorts;Men's Sports Shorts, M;Clothing;Black;M;Men's 8-panel racing shorts - lycra with an elastic waistband and leg grippers.;2017/03/01
454;SH-M897-L;Shorts;Men's Sports Shorts, L;Clothing;Black;L;Men's 8-panel racing shorts - lycra with an elastic waistband and leg grippers.;2017/04/01
455;SH-M897-X;Shorts;Men's Sports Shorts, XL;Clothing;Black;XL;Men's 8-panel racing shorts - lycra with an elastic waistband and leg grippers.;2017/05/01
456;TG-W091-S;Tights;Women's Tights, S;Clothing;Black;S;"Warm spandex tights for winter riding; seamless chamois construction eliminates pressure points.";2017/06/01
457;TG-W091-M;Tights;Women's Tights, M;Clothing;Black;M;"Warm spandex tights for winter riding; seamless chamois construction eliminates pressure points.";2017/07/01
458;TG-W091-L;Tights;Women's Tights, L;Clothing;Black;L;"Warm spandex tights for winter riding; seamless chamois construction eliminates pressure points.";2017/08/01
459;SB-M891-S;Bib-Shorts;Men's Bib-Shorts, S;Clothing;Multi;S;Designed for the AWC team with stay-put straps, moisture-control, chamois padding, and leg grippers.;2017/09/01
460;SB-M891-M;Bib-Shorts;Men's Bib-Shorts, M;Clothing;Multi;M;Designed for the AWC team with stay-put straps, moisture-control, chamois padding, and leg grippers.;2017/04/01
461;SB-M891-L;Bib-Shorts;Men's Bib-Shorts, L;Clothing;Multi;L;Designed for the AWC team with stay-put straps, moisture-control, chamois padding, and leg grippers.;2017/01/01
462;GL-H102-S;Gloves;Half-Finger Gloves, S;Clothing;Black;S;Full padding, improved finger flex, durable palm, adjustable closure.;2017/02/01
463;GL-H102-S;Gloves;Half-Finger Gloves, S;Clothing;Black;S;Full padding, improved finger flex, durable palm, adjustable closure.;2018/03/01
464;GL-H102-M;Gloves;Half-Finger Gloves, M;Clothing;Black;M;Full padding, improved finger flex, durable palm, adjustable closure.;2017/04/01
465;GL-H102-M;Gloves;Half-Finger Gloves, M;Clothing;Black;M;Full padding, improved finger flex, durable palm, adjustable closure.;2018/05/01
466;GL-H102-L;Gloves;Half-Finger Gloves, L;Clothing;Black;L;Full padding, improved finger flex, durable palm, adjustable closure.;2017/06/01
467;GL-H102-L;Gloves;Half-Finger Gloves, L;Clothing;Black;L;Full padding, improved finger flex, durable palm, adjustable closure.;2018/07/01
468;GL-F110-S;Gloves;Full-Finger Gloves, S;Clothing;Black;S;Synthetic palm, flexible knuckles, breathable mesh upper. Worn by the AWC team riders.;2017/08/01
469;GL-F110-M;Gloves;Full-Finger Gloves, M;Clothing;Black;M;Synthetic palm, flexible knuckles, breathable mesh upper. Worn by the AWC team riders.;2017/09/01
470;GL-F110-L;Gloves;Full-Finger Gloves, L;Clothing;Black;L;Synthetic palm, flexible knuckles, breathable mesh upper. Worn by the AWC team riders.;2017/04/01
471;VE-C304-S;Vests;Classic Vest, S;Clothing;Blue;S;Light-weight, wind-resistant, packs to fit into a pocket.;2018/01/01
472;VE-C304-M;Vests;Classic Vest, M;Clothing;Blue;M;Light-weight, wind-resistant, packs to fit into a pocket.;2018/02/01
473;VE-C304-L;Vests;Classic Vest, L;Clothing;Blue;L;Light-weight, wind-resistant, packs to fit into a pocket.;2018/03/01
474;SH-W890-S;Shorts;Women's Mountain Shorts, S;Clothing;Black;S;Heavy duty, abrasion-resistant shorts feature seamless, lycra inner shorts with anti-bacterial chamois for comfort.;2018/04/01
475;SH-W890-M;Shorts;Women's Mountain Shorts, M;Clothing;Black;M;Heavy duty, abrasion-resistant shorts feature seamless, lycra inner shorts with anti-bacterial chamois for comfort.;2018/05/01
476;SH-W890-L;Shorts;Women's Mountain Shorts, L;Clothing;Black;L;Heavy duty, abrasion-resistant shorts feature seamless, lycra inner shorts with anti-bacterial chamois for comfort.;2018/06/01
477;WB-H098;Bottles and Cages;Water Bottle - 30 oz.;Accessories;;NA;"AWC logo water bottle - holds 30 oz; leak-proof.";2018/07/01
478;BC-M005;Bottles and Cages;Mountain Bottle Cage;Accessories;;NA;Tough aluminum cage holds bottle securly on tough terrain.;2018/08/01
479;BC-R205;Bottles and Cages;Road Bottle Cage;Accessories;;NA;"Aluminum cage is lighter than our mountain version; perfect for long distance trips.";2018/09/01
480;PK-7098;Tires and Tubes;Patch Kit/8 Patches;Accessories;;NA;Includes 8 different size patches, glue and sandpaper.;2018/04/01
481;SO-R809-M;Socks;Racing Socks, M;Clothing;White;M;Thin, lightweight and durable with cuffs that stay up.;2018/01/01
482;SO-R809-L;Socks;Racing Socks, L;Clothing;White;L;Thin, lightweight and durable with cuffs that stay up.;2018/02/01
483;RA-H123;Bike Racks;Hitch Rack - 4-Bike;Accessories;;NA;"Carries 4 bikes securely; steel construction, fits 2"" receiver hitch.";2018/03/01
484;CL-9009;Cleaners;Bike Wash - Dissolver;Accessories;;NA;"Washes off the toughest road grime; dissolves grease, environmentally safe. 1-liter bottle.";2018/04/01
485;FE-6654;Fenders;Fender Set - Mountain;Accessories;;NA;Clip-on fenders fit most mountain bikes.;2018/05/01
486;ST-1401;Bike Stands;All-Purpose Bike Stand;Accessories;;NA;Perfect all-purpose bike stand for working on your bike at home. Quick-adjusting clamps and steel construction.;2018/06/01
487;HY-1023-70;Hydration Packs;Hydration Pack - 70 oz.;Accessories;Silver;70;Versatile 70 oz hydration pack offers extra storage, easy-fill access, and a waist belt.;2018/07/01
488;SJ-0194-S;Jerseys;Short-Sleeve Classic Jersey, S;Clothing;Yellow;S;Short sleeve classic breathable jersey with superior moisture control, front zipper, and 3 back pockets.;2018/08/01
489;SJ-0194-M;Jerseys;Short-Sleeve Classic Jersey, M;Clothing;Yellow;M;Short sleeve classic breathable jersey with superior moisture control, front zipper, and 3 back pockets.;2018/09/01
490;SJ-0194-L;Jerseys;Short-Sleeve Classic Jersey, L;Clothing;Yellow;L;Short sleeve classic breathable jersey with superior moisture control, front zipper, and 3 back pockets.;2018/04/01
491;SJ-0194-X;Jerseys;Short-Sleeve Classic Jersey, XL;Clothing;Yellow;XL;Short sleeve classic breathable jersey with superior moisture control, front zipper, and 3 back pockets.;2018/01/01
492;FR-T98Y-60;Touring Frames;HL Touring Frame - Yellow, 60;Components;Yellow;60-62 CM;"The HL aluminum frame is custom-shaped for both good looks and strength; it will withstand the most rigorous challenges of daily riding. Men's version.";2018/02/01
493;FR-T67Y-62;Touring Frames;LL Touring Frame - Yellow, 62;Components;Yellow;60-62 CM;Lightweight butted aluminum frame provides a more upright riding position for a trip around town.  Our ground-breaking design provides optimum comfort.;2018/03/01
494;FR-T98Y-46;Touring Frames;HL Touring Frame - Yellow, 46;Components;Yellow;42-46 CM;"The HL aluminum frame is custom-shaped for both good looks and strength; it will withstand the most rigorous challenges of daily riding. Men's version.";2018/04/01
495;FR-T98Y-50;Touring Frames;HL Touring Frame - Yellow, 50;Components;Yellow;48-52 CM;"The HL aluminum frame is custom-shaped for both good looks and strength; it will withstand the most rigorous challenges of daily riding. Men's version.";2018/05/01
496;FR-T98Y-54;Touring Frames;HL Touring Frame - Yellow, 54;Components;Yellow;54-58 CM;"The HL aluminum frame is custom-shaped for both good looks and strength; it will withstand the most rigorous challenges of daily riding. Men's version.";2018/06/01
497;FR-T98U-46;Touring Frames;HL Touring Frame - Blue, 46;Components;Blue;42-46 CM;"The HL aluminum frame is custom-shaped for both good looks and strength; it will withstand the most rigorous challenges of daily riding. Men's version.";2018/07/01
498;FR-T98U-50;Touring Frames;HL Touring Frame - Blue, 50;Components;Blue;48-52 CM;"The HL aluminum frame is custom-shaped for both good looks and strength; it will withstand the most rigorous challenges of daily riding. Men's version.";2018/08/01
499;FR-T98U-54;Touring Frames;HL Touring Frame - Blue, 54;Components;Blue;54-58 CM;"The HL aluminum frame is custom-shaped for both good looks and strength; it will withstand the most rigorous challenges of daily riding. Men's version.";2018/09/01
500;FR-T98U-60;Touring Frames;HL Touring Frame - Blue, 60;Components;Blue;60-62 CM;"The HL aluminum frame is custom-shaped for both good looks and strength; it will withstand the most rigorous challenges of daily riding. Men's version.";2018/04/01
501;RD-2308;Derailleurs;Rear Derailleur;Components;Silver;;Wide-link design.;2018/01/01
502;FR-T67U-50;Touring Frames;LL Touring Frame - Blue, 50;Components;Blue;48-52 CM;Lightweight butted aluminum frame provides a more upright riding position for a trip around town.  Our ground-breaking design provides optimum comfort.;2018/02/01
503;FR-T67U-54;Touring Frames;LL Touring Frame - Blue, 54;Components;Blue;54-58 CM;Lightweight butted aluminum frame provides a more upright riding position for a trip around town.  Our ground-breaking design provides optimum comfort.;2018/03/01
504;FR-T67U-58;Touring Frames;LL Touring Frame - Blue, 58;Components;Blue;54-58 CM;Lightweight butted aluminum frame provides a more upright riding position for a trip around town.  Our ground-breaking design provides optimum comfort.;2018/04/01
505;FR-T67U-62;Touring Frames;LL Touring Frame - Blue, 62;Components;Blue;60-62 CM;Lightweight butted aluminum frame provides a more upright riding position for a trip around town.  Our ground-breaking design provides optimum comfort.;2018/05/01
506;FR-T67Y-44;Touring Frames;LL Touring Frame - Yellow, 44;Components;Yellow;42-46 CM;Lightweight butted aluminum frame provides a more upright riding position for a trip around town.  Our ground-breaking design provides optimum comfort.;2018/06/01
507;FR-T67Y-50;Touring Frames;LL Touring Frame - Yellow, 50;Components;Yellow;48-52 CM;Lightweight butted aluminum frame provides a more upright riding position for a trip around town.  Our ground-breaking design provides optimum comfort.;2018/07/01
508;FR-T67Y-54;Touring Frames;LL Touring Frame - Yellow, 54;Components;Yellow;54-58 CM;Lightweight butted aluminum frame provides a more upright riding position for a trip around town.  Our ground-breaking design provides optimum comfort.;2018/08/01
509;FR-T67Y-58;Touring Frames;LL Touring Frame - Yellow, 58;Components;Yellow;54-58 CM;Lightweight butted aluminum frame provides a more upright riding position for a trip around town.  Our ground-breaking design provides optimum comfort.;2018/09/01
510;FR-T67U-44;Touring Frames;LL Touring Frame - Blue, 44;Components;Blue;42-46 CM;Lightweight butted aluminum frame provides a more upright riding position for a trip around town.  Our ground-breaking design provides optimum comfort.;2018/04/01
511;FR-M63S-40;Mountain Frames;ML Mountain Frame-W - Silver, 40;Components;Silver;38-40 CM;The ML frame is a heat-treated aluminum frame made with the same detail and quality as our HL frame. It offers superior performance. Men's version.;2018/01/01
512;FR-M63S-42;Mountain Frames;ML Mountain Frame-W - Silver, 42;Components;Silver;42-46 CM;The ML frame is a heat-treated aluminum frame made with the same detail and quality as our HL frame. It offers superior performance. Men's version.;2018/02/01
513;FR-M63S-46;Mountain Frames;ML Mountain Frame-W - Silver, 46;Components;Silver;42-46 CM;The ML frame is a heat-treated aluminum frame made with the same detail and quality as our HL frame. It offers superior performance. Men's version.;2018/03/01
514;RB-9231;Brakes;Rear Brakes;Components;Silver;;NULL;2018/04/01
515;SE-M236;Saddles;LL Mountain Seat/Saddle;Components;;NA;Synthetic leather. Features gel for increased comfort.;2018/05/01
516;SE-M798;Saddles;ML Mountain Seat/Saddle;Components;;NA;Designed to absorb shock.;2018/06/01
517;SE-M940;Saddles;HL Mountain Seat/Saddle;Components;;NA;Anatomic design for a full-day of riding in comfort. Durable leather.;2018/07/01
518;SE-R581;Saddles;LL Road Seat/Saddle;Components;;NA;Lightweight foam-padded saddle.;2018/08/01
519;SE-R908;Saddles;ML Road Seat/Saddle;Components;;NA;Rubber bumpers absorb bumps.;2018/09/01
520;SE-R995;Saddles;HL Road Seat/Saddle;Components;;NA;Lightweight kevlar racing saddle. Leather.;2018/04/01
521;SE-T312;Saddles;LL Touring Seat/Saddle;Components;;NA;Comfortable, ergonomically shaped gel saddle.;2018/01/01
522;SE-T762;Saddles;ML Touring Seat/Saddle;Components;;NA;New design relieves pressure for long rides.;2018/02/01
523;SE-T924;Saddles;HL Touring Seat/Saddle;Components;;NA;Cut-out shell for a more comfortable ride.;2018/03/01
524;FR-M21S-42;Mountain Frames;LL Mountain Frame - Silver, 42;Components;Silver;42-46 CM;Our best value utilizing the same, ground-breaking frame technology as the ML aluminum frame.;2018/04/01
525;FR-M21S-44;Mountain Frames;LL Mountain Frame - Silver, 44;Components;Silver;42-46 CM;Our best value utilizing the same, ground-breaking frame technology as the ML aluminum frame.;2018/05/01
526;FR-M21S-48;Mountain Frames;LL Mountain Frame - Silver, 48;Components;Silver;48-52 CM;Our best value utilizing the same, ground-breaking frame technology as the ML aluminum frame.;2018/06/01
527;FR-M21S-52;Mountain Frames;LL Mountain Frame - Silver, 52;Components;Silver;48-52 CM;Our best value utilizing the same, ground-breaking frame technology as the ML aluminum frame.;2018/07/01
528;TT-M928;Tires and Tubes;Mountain Tire Tube;Accessories;;NA;Self-sealing tube.;2018/08/01
529;TT-R982;Tires and Tubes;Road Tire Tube;Accessories;;NA;Conventional all-purpose tube.;2018/09/01
530;TT-T092;Tires and Tubes;Touring Tire Tube;Accessories;;NA;General purpose tube.;2018/04/01
531;FR-M21B-42;Mountain Frames;LL Mountain Frame - Black, 42;Components;Black;42-46 CM;Our best value utilizing the same, ground-breaking frame technology as the ML aluminum frame.;2018/01/01
532;FR-M21B-44;Mountain Frames;LL Mountain Frame - Black, 44;Components;Black;42-46 CM;Our best value utilizing the same, ground-breaking frame technology as the ML aluminum frame.;2018/02/01
533;FR-M21B-48;Mountain Frames;LL Mountain Frame - Black, 48;Components;Black;48-52 CM;Our best value utilizing the same, ground-breaking frame technology as the ML aluminum frame.;2018/03/01
534;FR-M21B-52;Mountain Frames;LL Mountain Frame - Black, 52;Components;Black;48-52 CM;Our best value utilizing the same, ground-breaking frame technology as the ML aluminum frame.;2018/04/01
535;TI-M267;Tires and Tubes;LL Mountain Tire;Accessories;;NA;Comparible traction, less expensive wire bead casing.;2018/05/01
536;TI-M602;Tires and Tubes;ML Mountain Tire;Accessories;;NA;Great traction, high-density rubber.;2018/06/01
537;TI-M823;Tires and Tubes;HL Mountain Tire;Accessories;;NA;Incredible traction, lightweight carbon reinforced.;2018/07/01
538;TI-R092;Tires and Tubes;LL Road Tire;Accessories;;NA;Same great treads as more expensive tire with a less expensive wire bead casing.;2018/08/01
539;TI-R628;Tires and Tubes;ML Road Tire;Accessories;;NA;Higher density rubber.;2018/09/01
540;TI-R982;Tires and Tubes;HL Road Tire;Accessories;;NA;Lightweight carbon reinforced  for an unrivaled ride at an un-compromised weight.;2018/04/01
541;TI-T723;Tires and Tubes;Touring Tire;Accessories;;NA;High-density rubber.;2018/01/01
542;PD-M282;Pedals;LL Mountain Pedal;Components;Silver/Black;;"Expanded platform so you can ride in any shoes; great for all-around riding.";2018/02/01
543;PD-M340;Pedals;ML Mountain Pedal;Components;Silver/Black;;Lightweight, durable, clipless pedal with adjustable tension.;2018/03/01
544;PD-M562;Pedals;HL Mountain Pedal;Components;Silver/Black;;"Stainless steel; designed to shed mud easily.";2018/04/01
545;PD-R347;Pedals;LL Road Pedal;Components;Silver/Black;;Clipless pedals - aluminum.;2018/05/01
546;PD-R563;Pedals;ML Road Pedal;Components;Silver/Black;;Lightweight aluminum alloy construction.;2018/06/01
547;PD-R853;Pedals;HL Road Pedal;Components;Silver/Black;;Top-of-the-line clipless pedals with adjustable tension.;2018/07/01
548;PD-T852;Pedals;Touring Pedal;Components;Silver/Black;;A stable pedal for all-day riding.;2018/08/01
549;FR-M63S-38;Mountain Frames;ML Mountain Frame-W - Silver, 38;Components;Silver;38-40 CM;The ML frame is a heat-treated aluminum frame made with the same detail and quality as our HL frame. It offers superior performance. Men's version.;2018/09/01
550;FR-M21B-40;Mountain Frames;LL Mountain Frame - Black, 40;Components;Black;38-40 CM;Our best value utilizing the same, ground-breaking frame technology as the ML aluminum frame.;2018/04/01
551;FR-M21S-40;Mountain Frames;LL Mountain Frame - Silver, 40;Components;Silver;38-40 CM;Our best value utilizing the same, ground-breaking frame technology as the ML aluminum frame.;2018/01/01
552;FD-2342;Derailleurs;Front Derailleur;Components;Silver;;Wide-link design.;2018/02/01
553;HB-T721;Handlebars;LL Touring Handlebars;Components;;NA;Unique shape reduces fatigue for entry level riders.;2018/03/01
554;HB-T928;Handlebars;HL Touring Handlebars;Components;;NA;A light yet stiff aluminum bar for long distance riding.;2018/04/01
555;FB-9873;Brakes;Front Brakes;Components;Silver;;"All-weather brake pads; provides superior stopping by applying more surface to the rim.";2018/05/01
556;CS-4759;Cranksets;LL Crankset;Components;Black;;Super rigid spindle.;2018/06/01
557;CS-6583;Cranksets;ML Crankset;Components;Black;;High-strength crank arm.;2018/07/01
558;CS-9183;Cranksets;HL Crankset;Components;Black;;"Triple crankset; alumunim crank arm; flawless shifting.";2018/08/01
559;CH-0234;Chains;Chain;Components;Silver;;Superior shifting performance.;2018/09/01
560;BK-T44U-60;Touring Bikes;Touring-2000 Blue, 60;Bikes;Blue;60-62 CM;The plush custom saddle keeps you riding all day,  and there's plenty of space to add panniers and bike bags to the newly-redesigned carrier.  This bike has stability when fully-loaded.;2018/04/01
561;BK-T79Y-46;Touring Bikes;Touring-1000 Yellow, 46;Bikes;Yellow;42-46 CM;Travel in style and comfort. Designed for maximum comfort and safety. Wide gear range takes on all hills. High-tech aluminum alloy construction provides durability without added weight.;2018/01/01
562;BK-T79Y-50;Touring Bikes;Touring-1000 Yellow, 50;Bikes;Yellow;48-52 CM;Travel in style and comfort. Designed for maximum comfort and safety. Wide gear range takes on all hills. High-tech aluminum alloy construction provides durability without added weight.;2018/02/01
563;BK-T79Y-54;Touring Bikes;Touring-1000 Yellow, 54;Bikes;Yellow;54-58 CM;Travel in style and comfort. Designed for maximum comfort and safety. Wide gear range takes on all hills. High-tech aluminum alloy construction provides durability without added weight.;2018/03/01
564;BK-T79Y-60;Touring Bikes;Touring-1000 Yellow, 60;Bikes;Yellow;60-62 CM;Travel in style and comfort. Designed for maximum comfort and safety. Wide gear range takes on all hills. High-tech aluminum alloy construction provides durability without added weight.;2018/04/01
565;BK-T18U-54;Touring Bikes;Touring-3000 Blue, 54;Bikes;Blue;54-58 CM;All-occasion value bike with our basic comfort and safety features. Offers wider, more stable tires for a ride around town or weekend trip.;2018/05/01
566;BK-T18U-58;Touring Bikes;Touring-3000 Blue, 58;Bikes;Blue;54-58 CM;All-occasion value bike with our basic comfort and safety features. Offers wider, more stable tires for a ride around town or weekend trip.;2018/06/01
567;BK-T18U-62;Touring Bikes;Touring-3000 Blue, 62;Bikes;Blue;60-62 CM;All-occasion value bike with our basic comfort and safety features. Offers wider, more stable tires for a ride around town or weekend trip.;2018/07/01
568;BK-T18Y-44;Touring Bikes;Touring-3000 Yellow, 44;Bikes;Yellow;42-46 CM;All-occasion value bike with our basic comfort and safety features. Offers wider, more stable tires for a ride around town or weekend trip.;2018/08/01
569;BK-T18Y-50;Touring Bikes;Touring-3000 Yellow, 50;Bikes;Yellow;48-52 CM;All-occasion value bike with our basic comfort and safety features. Offers wider, more stable tires for a ride around town or weekend trip.;2018/09/01
570;BK-T18Y-54;Touring Bikes;Touring-3000 Yellow, 54;Bikes;Yellow;54-58 CM;All-occasion value bike with our basic comfort and safety features. Offers wider, more stable tires for a ride around town or weekend trip.;2018/04/01
571;BK-T18Y-58;Touring Bikes;Touring-3000 Yellow, 58;Bikes;Yellow;54-58 CM;All-occasion value bike with our basic comfort and safety features. Offers wider, more stable tires for a ride around town or weekend trip.;2018/01/01
572;BK-T18Y-62;Touring Bikes;Touring-3000 Yellow, 62;Bikes;Yellow;60-62 CM;All-occasion value bike with our basic comfort and safety features. Offers wider, more stable tires for a ride around town or weekend trip.;2018/02/01
573;BK-T79U-46;Touring Bikes;Touring-1000 Blue, 46;Bikes;Blue;42-46 CM;Travel in style and comfort. Designed for maximum comfort and safety. Wide gear range takes on all hills. High-tech aluminum alloy construction provides durability without added weight.;2018/03/01
574;BK-T79U-50;Touring Bikes;Touring-1000 Blue, 50;Bikes;Blue;48-52 CM;Travel in style and comfort. Designed for maximum comfort and safety. Wide gear range takes on all hills. High-tech aluminum alloy construction provides durability without added weight.;2018/04/01
575;BK-T79U-54;Touring Bikes;Touring-1000 Blue, 54;Bikes;Blue;54-58 CM;Travel in style and comfort. Designed for maximum comfort and safety. Wide gear range takes on all hills. High-tech aluminum alloy construction provides durability without added weight.;2018/05/01
576;BK-T79U-60;Touring Bikes;Touring-1000 Blue, 60;Bikes;Blue;60-62 CM;Travel in style and comfort. Designed for maximum comfort and safety. Wide gear range takes on all hills. High-tech aluminum alloy construction provides durability without added weight.;2018/06/01
577;BK-T44U-46;Touring Bikes;Touring-2000 Blue, 46;Bikes;Blue;42-46 CM;The plush custom saddle keeps you riding all day,  and there's plenty of space to add panniers and bike bags to the newly-redesigned carrier.  This bike has stability when fully-loaded.;2018/07/01
578;BK-T44U-50;Touring Bikes;Touring-2000 Blue, 50;Bikes;Blue;48-52 CM;The plush custom saddle keeps you riding all day,  and there's plenty of space to add panniers and bike bags to the newly-redesigned carrier.  This bike has stability when fully-loaded.;2018/08/01
579;BK-T44U-54;Touring Bikes;Touring-2000 Blue, 54;Bikes;Blue;54-58 CM;The plush custom saddle keeps you riding all day,  and there's plenty of space to add panniers and bike bags to the newly-redesigned carrier.  This bike has stability when fully-loaded.;2018/09/01
580;BK-R79Y-40;Road Bikes;Road-350-W Yellow, 40;Bikes;Yellow;38-40 CM;Cross-train, race, or just socialize on a sleek, aerodynamic bike designed for a woman.  Advanced seat technology provides comfort all day.;2018/04/01
581;BK-R79Y-42;Road Bikes;Road-350-W Yellow, 42;Bikes;Yellow;42-46 CM;Cross-train, race, or just socialize on a sleek, aerodynamic bike designed for a woman.  Advanced seat technology provides comfort all day.;2018/01/01
582;BK-R79Y-44;Road Bikes;Road-350-W Yellow, 44;Bikes;Yellow;42-46 CM;Cross-train, race, or just socialize on a sleek, aerodynamic bike designed for a woman.  Advanced seat technology provides comfort all day.;2018/02/01
583;BK-R79Y-48;Road Bikes;Road-350-W Yellow, 48;Bikes;Yellow;48-52 CM;Cross-train, race, or just socialize on a sleek, aerodynamic bike designed for a woman.  Advanced seat technology provides comfort all day.;2018/03/01
584;BK-R19B-58;Road Bikes;Road-750 Black, 58;Bikes;Black;54-58 CM;"Entry level adult bike; offers a comfortable ride cross-country or down the block. Quick-release hubs and rims.";2018/04/01
585;BK-T18U-44;Touring Bikes;Touring-3000 Blue, 44;Bikes;Blue;42-46 CM;All-occasion value bike with our basic comfort and safety features. Offers wider, more stable tires for a ride around town or weekend trip.;2018/05/01
586;BK-T18U-50;Touring Bikes;Touring-3000 Blue, 50;Bikes;Blue;48-52 CM;All-occasion value bike with our basic comfort and safety features. Offers wider, more stable tires for a ride around town or weekend trip.;2018/06/01
587;BK-M38S-38;Mountain Bikes;Mountain-400-W Silver, 38;Bikes;Silver;38-40 CM;This bike delivers a high-level of performance on a budget. It is responsive and maneuverable, and offers peace-of-mind when you decide to go off-road.;2018/07/01
588;BK-M38S-40;Mountain Bikes;Mountain-400-W Silver, 40;Bikes;Silver;38-40 CM;This bike delivers a high-level of performance on a budget. It is responsive and maneuverable, and offers peace-of-mind when you decide to go off-road.;2018/08/01
589;BK-M38S-42;Mountain Bikes;Mountain-400-W Silver, 42;Bikes;Silver;42-46 CM;This bike delivers a high-level of performance on a budget. It is responsive and maneuverable, and offers peace-of-mind when you decide to go off-road.;2018/09/01
590;BK-M38S-46;Mountain Bikes;Mountain-400-W Silver, 46;Bikes;Silver;42-46 CM;This bike delivers a high-level of performance on a budget. It is responsive and maneuverable, and offers peace-of-mind when you decide to go off-road.;2018/04/01
591;BK-M18S-40;Mountain Bikes;Mountain-500 Silver, 40;Bikes;Silver;38-40 CM;Suitable for any type of riding, on or off-road. Fits any budget. Smooth-shifting with a comfortable ride.;2018/01/01
592;BK-M18S-42;Mountain Bikes;Mountain-500 Silver, 42;Bikes;Silver;42-46 CM;Suitable for any type of riding, on or off-road. Fits any budget. Smooth-shifting with a comfortable ride.;2018/02/01
593;BK-M18S-44;Mountain Bikes;Mountain-500 Silver, 44;Bikes;Silver;42-46 CM;Suitable for any type of riding, on or off-road. Fits any budget. Smooth-shifting with a comfortable ride.;2018/03/01
594;BK-M18S-48;Mountain Bikes;Mountain-500 Silver, 48;Bikes;Silver;48-52 CM;Suitable for any type of riding, on or off-road. Fits any budget. Smooth-shifting with a comfortable ride.;2018/04/01
595;BK-M18S-52;Mountain Bikes;Mountain-500 Silver, 52;Bikes;Silver;48-52 CM;Suitable for any type of riding, on or off-road. Fits any budget. Smooth-shifting with a comfortable ride.;2018/05/01
596;BK-M18B-40;Mountain Bikes;Mountain-500 Black, 40;Bikes;Black;38-40 CM;Suitable for any type of riding, on or off-road. Fits any budget. Smooth-shifting with a comfortable ride.;2018/06/01
597;BK-M18B-42;Mountain Bikes;Mountain-500 Black, 42;Bikes;Black;42-46 CM;Suitable for any type of riding, on or off-road. Fits any budget. Smooth-shifting with a comfortable ride.;2018/07/01
598;BK-M18B-44;Mountain Bikes;Mountain-500 Black, 44;Bikes;Black;42-46 CM;Suitable for any type of riding, on or off-road. Fits any budget. Smooth-shifting with a comfortable ride.;2018/08/01
599;BK-M18B-48;Mountain Bikes;Mountain-500 Black, 48;Bikes;Black;48-52 CM;Suitable for any type of riding, on or off-road. Fits any budget. Smooth-shifting with a comfortable ride.;2018/09/01
600;BK-M18B-52;Mountain Bikes;Mountain-500 Black, 52;Bikes;Black;48-52 CM;Suitable for any type of riding, on or off-road. Fits any budget. Smooth-shifting with a comfortable ride.;2018/04/01
601;BB-7421;Bottom Brackets;LL Bottom Bracket;Components;;NA;Chromoly steel.;2018/01/01
602;BB-8107;Bottom Brackets;ML Bottom Bracket;Components;;NA;"Aluminum alloy cups; large diameter spindle.";2018/02/01
603;BB-9108;Bottom Brackets;HL Bottom Bracket;Components;;NA;Aluminum alloy cups and a hollow axle.;2018/03/01
604;BK-R19B-44;Road Bikes;Road-750 Black, 44;Bikes;Black;42-46 CM;"Entry level adult bike; offers a comfortable ride cross-country or down the block. Quick-release hubs and rims.";2018/04/01
605;BK-R19B-48;Road Bikes;Road-750 Black, 48;Bikes;Black;48-52 CM;"Entry level adult bike; offers a comfortable ride cross-country or down the block. Quick-release hubs and rims.";2018/05/01
606;BK-R19B-52;Road Bikes;Road-750 Black, 52;Bikes;Black;48-52 CM;"Entry level adult bike; offers a comfortable ride cross-country or down the block. Quick-release hubs and rims.";2018/06/01
